{
 "mdsDat": {
 "x": [ -0.01764774, -0.2582269, 0.2758747 ],
"y": [ 0.2665874, -0.1465066, -0.1200809 ],
"topics": [ 1, 2, 3 ],
"Freq": [ 42.63213, 30.61902, 26.74886 ],
"cluster": [        1,        1,        1 ] 
},
"tinfo": {
 "Term": [ "市府", "自救", "拆除", "巷道", "保障", "重劃", "西側", "古蹟", "合法", "憲法", "環評", "居住", "安全", "東側", "區段徵收", "拆遷", "徵用", "財產權", "受災戶", "拆遷戶", "住戶", "設置", "正義", "平交道", "環境", "程序", "原因", "設施", "評估", "地下道", "環評", "區段徵收", "受災戶", "原因", "時軌", "違憲", "保存", "地下水", "產生", "改局", "現況", "實為", "回答", "回饋", "顯然", "意義", "證實", "以茲為", "專案小組", "情事", "違法", "煩請", "歸還", "徵用土地", "公文", "經建會", "查證", "科長", "第三方", "對策", "巷道", "拆遷戶", "平交道", "設施", "地下道", "陳述", "路權", "施工期", "連續", "民族", "道路", "引道", "目標", "同意", "涵箱", "風險", "結構", "以此", "拆戶", "維持", "行政院", "系統", "民間", "營運", "縫合", "釐清", "以後", "變更", "原鐵", "間距", "重劃", "合法", "後續", "聽證", "團體", "補充", "私有土地", "遷戶", "難道", "情形", "申請", "地價", "堅決", "損害", "我家", "貴局", "價格", "願意", "居住權", "東邊", "條第", "拜託", "公有土地", "接受", "階段", "判決", "公用", "噪音", "贊成", "改為", "設置", "正義", "方法", "保障", "改建", "古蹟", "環境", "拆除", "文化", "市府", "居住", "自救", "犧牲", "關係人", "興辦", "市價", "貴府", "憲法", "事業", "拆遷", "安全", "建築", "市區", "評估", "西側", "主管機關", "東側", "必要性", "程序", "捷運", "徵用", "人權", "財產權", "第一階段", "地區", "合併", "市計", "住戶", "細部", "生存權", "機關", "內政部", "房屋", "民國", "徵用", "東側", "侵害", "委員會", "補償", "補償", "經費", "程序", "工法", "區計畫", "最小", "工程局", "所有權", "審議", "爭議", "住戶", "西側", "必要性", "財產", "生活", "損失", "置於", "生活", "剝奪", "解釋", "經濟", "財產", "即可", "嚴重", "檢討", "房屋", "市府" ],
"logprob": [       30,       29,       28,       27,       26,       25,       24,       23,       22,       21,       20,       19,       18,       17,       16,       15,       14,       13,       12,       11,       10,        9,        8,        7,        6,        5,        4,        3,        2,        1,   -4.859,  -4.9667,  -5.0594,  -5.1615,  -5.3103,  -5.4436,  -5.5066,   -5.551,   -5.551,  -5.6214,  -5.6461,  -5.6461,  -5.6713,  -5.6972,  -5.6972,  -5.7512,  -5.7512,  -5.7792,  -5.7792,  -5.7792,  -5.7792,  -5.8082,  -5.8082,  -5.8379,  -5.8686,  -5.8686,  -5.9002,  -5.9002,  -5.9002,  -5.9002,  -4.5979,  -5.0768,  -5.1159,  -5.1777,  -5.2664,  -5.4717,  -5.5304,  -5.5611,  -5.5927,  -5.6254,  -5.6254,  -5.6592,  -5.6592,  -5.6592,  -5.6592,  -5.6942,  -5.6942,  -5.7304,  -5.7304,  -5.7304,   -5.768,   -5.768,  -5.8071,  -5.8071,  -5.8071,  -5.8071,  -5.8477,  -5.8477,  -5.8901,  -5.8901,  -4.7248,  -4.7977,  -5.4596,  -5.4893,    -5.52,  -5.5517,  -5.5843,  -5.5843,  -5.5843,  -5.6181,  -5.6531,  -5.6531,  -5.6531,  -5.6531,  -5.6893,  -5.6893,  -5.7269,   -5.766,  -5.8067,  -5.8067,  -5.8067,   -5.849,  -5.8933,  -5.8933,  -5.8933,  -5.9396,  -5.9882,  -5.9882,  -5.9882,  -6.0392,  -5.0391,  -4.9667,  -5.1165,  -4.6568,  -5.2253,  -4.5491,   -4.859,  -4.3469,   -5.551,  -3.4536,  -4.7533,   -4.154,  -5.4026,  -5.6461,  -5.6531,  -5.1156,  -5.6531,  -4.6438,  -5.7238,  -4.7381,  -4.5979,  -5.1159,   -4.859,  -4.7533,  -4.3377,    -5.52,  -4.4314,  -4.7213,   -4.583,  -5.0054,  -4.5491,  -5.2024,  -4.7108,  -5.0748,  -5.3466,  -5.6942,  -4.8764,  -4.8388,  -5.2253,  -5.4596,    -5.18,  -5.3843,  -4.9339,  -5.1777,  -4.6592,   -4.622,  -5.2488,  -5.3283,  -4.8388,  -4.7679,  -5.1777,  -4.7389,  -5.4163,  -5.4026,  -5.4436,    -5.52,  -5.2024,  -5.2435,  -5.5006,  -5.1366,  -5.1927,  -5.1159,  -5.4234,  -5.4642,  -5.4893,  -5.4163,  -5.3227,  -5.5739,  -5.3753,  -5.5739,  -5.3753,  -5.5611,  -5.4596,  -5.4596,  -5.4596,  -5.5974 ],
"loglift": [       30,       29,       28,       27,       26,       25,       24,       23,       22,       21,       20,       19,       18,       17,       16,       15,       14,       13,       12,       11,       10,        9,        8,        7,        6,        5,        4,        3,        2,        1,   0.8504,   0.8502,     0.85,   0.8497,   0.8492,   0.8488,   0.8485,   0.8483,   0.8483,    0.848,   0.8479,   0.8479,   0.8478,   0.8477,   0.8477,   0.8474,   0.8474,   0.8473,   0.8473,   0.8473,   0.8473,   0.8471,   0.8471,   0.8469,   0.8468,   0.8468,   0.8466,   0.8466,   0.8466,   0.8466,   1.1813,   1.1798,   1.1797,   1.1795,   1.1791,   1.1781,   1.1777,   1.1775,   1.1773,   1.1771,   1.1771,   1.1769,   1.1769,   1.1769,   1.1769,   1.1767,   1.1767,   1.1764,   1.1764,   1.1764,   1.1762,   1.1762,   1.1759,   1.1759,   1.1759,   1.1759,   1.1756,   1.1756,   1.1752,   1.1752,   1.3156,   1.3153,   1.3122,    1.312,   1.3118,   1.3116,   1.3113,   1.3113,   1.3113,   1.3111,   1.3108,   1.3108,   1.3108,   1.3108,   1.3105,   1.3105,   1.3102,   1.3099,   1.3095,   1.3095,   1.3095,   1.3091,   1.3087,   1.3087,   1.3087,   1.3082,   1.3077,   1.3077,   1.3077,   1.3071,   1.1613,   0.8259,   0.8241,   1.2725,   1.2885,   0.7957,   0.7918,   1.1001,   0.8265,   1.0321,   1.2392,   1.0401,   1.2538,    0.824,   1.2727,   1.1862,   1.2719,   1.1066,    0.824,   0.9678,   0.9255,   1.0115,   0.5806,   0.9885,    0.718,   1.2147,   0.3862,   0.4572,    0.406,   0.5437,   0.3554,   1.0675,   0.8319,   0.9922,   0.6389,   1.1411,   0.8816,   0.6827,   1.0442,   1.1327,   0.8943,   0.5465,   0.5101,   0.7056,   0.2453,   0.1956,   0.9233,   0.4447,    0.373,   0.4439,   0.6404,   0.2501,   0.8845,   0.9966,   0.5149,   1.1262,   0.6515,   0.4462,   0.9014,   0.3849,  -0.1371,   0.0626,   0.2665,   0.3075,   1.0479,    0.505,   0.4489,   0.5737,   0.5636,   0.5336,   0.3147,   0.6673,   0.7004,   0.6784,  -0.0156,  -1.1117 ],
"Freq": [      306,      150,      117,       84,       72,       64,      173,      129,       60,       86,       90,       67,      108,      219,       80,       90,      201,      106,       73,       52,      108,       55,       82,       50,       95,      185,       66,       47,       87,       43,  89.8802, 80.69834, 73.55689, 66.41545, 57.23359, 50.09214, 47.03152, 44.99111, 44.99111, 41.93049, 40.91028, 40.91028, 39.89008, 38.86987, 38.86987, 36.82946, 36.82946, 35.80925, 35.80925, 35.80925, 35.80925, 34.78904, 34.78904, 33.76884, 32.74863, 32.74863, 31.72842, 31.72842, 31.72842, 31.72842, 83.80801, 51.91911, 49.92606, 46.93647, 42.95036, 34.97813, 32.98508, 31.98855, 30.99202, 29.99549, 29.99549, 28.99897, 28.99897, 28.99897, 28.99897, 28.00244, 28.00244, 27.00591, 27.00591, 27.00591, 26.00938, 26.00938, 25.01285, 25.01285, 25.01285, 25.01285, 24.01633, 24.01633,  23.0198,  23.0198, 64.49286, 59.95749, 30.93117,  30.0241, 29.11703, 28.20996, 27.30288, 27.30288, 27.30288, 26.39581, 25.48874, 25.48874, 25.48874, 25.48874, 24.58167, 24.58167, 23.67459, 22.76752, 21.86045, 21.86045, 21.86045, 20.95337,  20.0463,  20.0463,  20.0463, 19.13923, 18.23216, 18.23216, 18.23216, 17.32508, 53.91217, 80.69834, 69.47607, 69.02822, 39.09483, 122.5268,  89.8802, 107.7247, 44.99111, 263.1831, 62.67871, 130.6448, 32.74532, 40.91028, 25.48874, 43.63019, 25.48874, 69.93529, 37.84966,  72.8462, 83.80801, 49.92606,  89.8802, 62.67871, 108.7212, 29.11703, 137.8299, 103.1429,  118.446, 77.63772, 122.5268,  40.0019, 65.39993, 45.44433, 55.19318, 28.00244, 55.42213,  65.8705, 39.09483, 30.93117, 40.90897, 53.15276, 59.89134, 46.93647, 78.82537, 81.81495, 38.18775, 56.21338,  65.8705, 61.77164, 46.93647, 63.58578, 36.97119, 32.74532, 50.09214, 29.11703,  40.0019, 43.94689, 33.98161, 42.72312, 64.37504, 49.92606, 51.11235, 49.07194,  30.0241, 36.97119, 35.46654,  43.9709, 33.65239,  43.9709, 33.65239, 31.98855, 30.93117, 30.93117, 30.93117,  42.9507 ],